{
    "Z": 0.003897195374876306,
    "A": 0.0681161974217511,
    "D": 0.03078445459597945,
    "I": 0.061297799948489246,
    "G": 0.009027937807539549,
    " ": 0.1670100717083949,
    "O": 0.0406799419826219,
    "U": 0.05205975247726071,
    "L": 0.04585812853289233,
    "E": 0.13404996543357145,
    "S": 0.0588510390261756,
    "T": 0.05634327852408128,
    "N": 0.051686977267489935,
    "V": 0.014301012593024359,
    "R": 0.05214108525030161,
    "P": 0.02135663065432216,
    "B": 0.008905938647978203,
    "J": 0.004839299995933361,
    ",": 0.01290479998915563,
    "Q": 0.010573260495316587,
    "M": 0.02281384283797156,
    "F": 0.008092610917569234,
    "H": 0.006994618481517128,
    "'": 0.011623808813761505,
    "C": 0.021858182754741023,
    "X": 0.0032600886527226146,
    ".": 0.007353838229114422,
    "-": 0.002765314283390492,
    "Y": 0.002643315123829147,
    ";": 0.0030906453755540795,
    "\"": 0.001985875208415231,
    "?": 0.000521885293679088,
    "1": 8.811050412763823e-05,
    ":": 0.0012335470577869352,
    "!": 0.0007726613438885199,
    "2": 2.711092434696561e-05,
    "3": 1.3555462173482805e-05,
    "K": 1.3555462173482805e-05,
    "4": 1.3555462173482805e-05,
    "(": 1.3555462173482805e-05,
    ")": 1.3555462173482805e-05,
    "5": 1.3555462173482805e-05,
    "6": 1.3555462173482805e-05,
    "7": 1.3555462173482805e-05,
    "8": 1.3555462173482805e-05,
    "9": 1.3555462173482805e-05,
    "0": 1.3555462173482805e-05,
    ">": 4.066638652044841e-05
}